{"last":639.0,"high":659.0,"low":639.0,"vwap":647.195852839369,"volume":4.80579022,"bid":637.0,"ask":638.5}
